,SourceType,Source,EdgeType,TargetType,Target,SourceRuleType,TargetRuleType
0,SubRule,0,RULE_HAS_SUBRULE,SubRule,1,ROOT,AND
1,SubRule,0,RULE_HAS_SUBRULE,SubRule,114,ROOT,AND
2,SubRule,not_success,RULE_FOR_PREVIOUS_OUTCOME,PreviousOutcome,success,AND,
3,SubRule,1,RULE_HAS_SUBRULE,SubRule,not_success,AND,NOT
4,SubRule,114,RULE_FOR_PREVIOUS_OUTCOME,PreviousOutcome,success,AND,
5,SubRule,1,RULE_HAS_SUBRULE,SubRule,2,AND,AND
6,SubRule,1,RULE_HAS_SUBRULE,SubRule,65,AND,AND
7,SubRule,not_unknown,RULE_FOR_CONTACT,Contact,unknown,AND,
8,SubRule,2,RULE_HAS_SUBRULE,SubRule,not_unknown,AND,NOT
9,SubRule,65,RULE_FOR_CONTACT,Contact,unknown,AND,
10,SubRule,2,RULE_HAS_SUBRULE,SubRule,3,AND,AND
11,SubRule,2,RULE_HAS_SUBRULE,SubRule,34,AND,AND
12,SubRule,not_yes,RULE_FOR_HOUSING,Housing,yes,AND,
13,SubRule,3,RULE_HAS_SUBRULE,SubRule,not_yes,AND,NOT
14,SubRule,34,RULE_FOR_HOUSING,Housing,yes,AND,
15,SubRule,3,RULE_HAS_SUBRULE,SubRule,4,AND,AND
16,SubRule,3,RULE_HAS_SUBRULE,SubRule,19,AND,AND
17,SubRule,not_unknown,RULE_FOR_PREVIOUS_OUTCOME,PreviousOutcome,unknown,AND,
18,SubRule,4,RULE_HAS_SUBRULE,SubRule,not_unknown,AND,NOT
19,SubRule,19,RULE_FOR_PREVIOUS_OUTCOME,PreviousOutcome,unknown,AND,
20,SubRule,4,RULE_HAS_SUBRULE,SubRule,5,AND,AND
21,SubRule,4,RULE_HAS_SUBRULE,SubRule,12,AND,AND
22,SubRule,not_yes,RULE_FOR_LOAN,Loan,yes,AND,
23,SubRule,5,RULE_HAS_SUBRULE,SubRule,not_yes,AND,NOT
24,SubRule,12,RULE_FOR_LOAN,Loan,yes,AND,
25,SubRule,5,RULE_HAS_SUBRULE,SubRule,6,AND,AND
26,SubRule,5,RULE_HAS_SUBRULE,SubRule,9,AND,AND
27,SubRule,not_blue-collar,RULE_FOR_EMPLOYMENT,Employment,blue-collar,AND,
28,SubRule,6,RULE_HAS_SUBRULE,SubRule,not_blue-collar,AND,NOT
29,SubRule,9,RULE_FOR_EMPLOYMENT,Employment,blue-collar,AND,
30,SubRule,6,RULE_HAS_SUBRULE,SubRule,7,AND,AND
31,SubRule,6,RULE_HAS_SUBRULE,SubRule,8,AND,AND
32,SubRule,not_failure,RULE_FOR_PREVIOUS_OUTCOME,PreviousOutcome,failure,AND,
33,SubRule,7,RULE_HAS_SUBRULE,SubRule,not_failure,AND,NOT
34,SubRule,8,RULE_FOR_PREVIOUS_OUTCOME,PreviousOutcome,failure,AND,
35,SubRule,7,RULE_LEADS_TO_OUTCOME,Outcome,no,AND,
36,SubRule,8,RULE_LEADS_TO_OUTCOME,Outcome,no,AND,
37,SubRule,9,RULE_HAS_SUBRULE,SubRule,10,AND,AND
38,SubRule,9,RULE_HAS_SUBRULE,SubRule,11,AND,AND
39,SubRule,not_other,RULE_FOR_PREVIOUS_OUTCOME,PreviousOutcome,other,AND,
40,SubRule,10,RULE_HAS_SUBRULE,SubRule,not_other,AND,NOT
41,SubRule,11,RULE_FOR_PREVIOUS_OUTCOME,PreviousOutcome,other,AND,
42,SubRule,10,RULE_LEADS_TO_OUTCOME,Outcome,no,AND,
43,SubRule,11,RULE_LEADS_TO_OUTCOME,Outcome,no,AND,
44,SubRule,12,RULE_HAS_SUBRULE,SubRule,13,AND,AND
45,SubRule,12,RULE_HAS_SUBRULE,SubRule,16,AND,AND
46,SubRule,not_retired,RULE_FOR_EMPLOYMENT,Employment,retired,AND,
47,SubRule,13,RULE_HAS_SUBRULE,SubRule,not_retired,AND,NOT
48,SubRule,16,RULE_FOR_EMPLOYMENT,Employment,retired,AND,
49,SubRule,13,RULE_HAS_SUBRULE,SubRule,14,AND,AND
50,SubRule,13,RULE_HAS_SUBRULE,SubRule,15,AND,AND
51,SubRule,not_divorced,RULE_FOR_MARITAL_STATUS,MaritalStatus,divorced,AND,
52,SubRule,14,RULE_HAS_SUBRULE,SubRule,not_divorced,AND,NOT
53,SubRule,15,RULE_FOR_MARITAL_STATUS,MaritalStatus,divorced,AND,
54,SubRule,14,RULE_LEADS_TO_OUTCOME,Outcome,no,AND,
55,SubRule,15,RULE_LEADS_TO_OUTCOME,Outcome,no,AND,
56,SubRule,16,RULE_HAS_SUBRULE,SubRule,17,AND,AND
57,SubRule,16,RULE_HAS_SUBRULE,SubRule,18,AND,AND
58,SubRule,not_cellular,RULE_FOR_CONTACT,Contact,cellular,AND,
59,SubRule,17,RULE_HAS_SUBRULE,SubRule,not_cellular,AND,NOT
60,SubRule,18,RULE_FOR_CONTACT,Contact,cellular,AND,
61,SubRule,17,RULE_LEADS_TO_OUTCOME,Outcome,yes,AND,
62,SubRule,18,RULE_LEADS_TO_OUTCOME,Outcome,no,AND,
63,SubRule,19,RULE_HAS_SUBRULE,SubRule,20,AND,AND
64,SubRule,19,RULE_HAS_SUBRULE,SubRule,27,AND,AND
65,SubRule,not_student,RULE_FOR_EMPLOYMENT,Employment,student,AND,
66,SubRule,20,RULE_HAS_SUBRULE,SubRule,not_student,AND,NOT
67,SubRule,27,RULE_FOR_EMPLOYMENT,Employment,student,AND,
68,SubRule,20,RULE_HAS_SUBRULE,SubRule,21,AND,AND
69,SubRule,20,RULE_HAS_SUBRULE,SubRule,24,AND,AND
70,SubRule,not_retired,RULE_FOR_EMPLOYMENT,Employment,retired,AND,
71,SubRule,21,RULE_HAS_SUBRULE,SubRule,not_retired,AND,NOT
72,SubRule,24,RULE_FOR_EMPLOYMENT,Employment,retired,AND,
73,SubRule,21,RULE_HAS_SUBRULE,SubRule,22,AND,AND
74,SubRule,21,RULE_HAS_SUBRULE,SubRule,23,AND,AND
75,SubRule,not_yes,RULE_FOR_LOAN,Loan,yes,AND,
76,SubRule,22,RULE_HAS_SUBRULE,SubRule,not_yes,AND,NOT
77,SubRule,23,RULE_FOR_LOAN,Loan,yes,AND,
78,SubRule,22,RULE_LEADS_TO_OUTCOME,Outcome,no,AND,
79,SubRule,23,RULE_LEADS_TO_OUTCOME,Outcome,no,AND,
80,SubRule,24,RULE_HAS_SUBRULE,SubRule,25,AND,AND
81,SubRule,24,RULE_HAS_SUBRULE,SubRule,26,AND,AND
82,SubRule,not_no,RULE_FOR_LOAN,Loan,no,AND,
83,SubRule,25,RULE_HAS_SUBRULE,SubRule,not_no,AND,NOT
84,SubRule,26,RULE_FOR_LOAN,Loan,no,AND,
85,SubRule,25,RULE_LEADS_TO_OUTCOME,Outcome,no,AND,
86,SubRule,26,RULE_LEADS_TO_OUTCOME,Outcome,no,AND,
87,SubRule,27,RULE_HAS_SUBRULE,SubRule,28,AND,AND
88,SubRule,27,RULE_HAS_SUBRULE,SubRule,31,AND,AND
89,SubRule,not_telephone,RULE_FOR_CONTACT,Contact,telephone,AND,
90,SubRule,28,RULE_HAS_SUBRULE,SubRule,not_telephone,AND,NOT
91,SubRule,31,RULE_FOR_CONTACT,Contact,telephone,AND,
92,SubRule,28,RULE_HAS_SUBRULE,SubRule,29,AND,AND
93,SubRule,28,RULE_HAS_SUBRULE,SubRule,30,AND,AND
94,SubRule,not_married,RULE_FOR_MARITAL_STATUS,MaritalStatus,married,AND,
95,SubRule,29,RULE_HAS_SUBRULE,SubRule,not_married,AND,NOT
96,SubRule,30,RULE_FOR_MARITAL_STATUS,MaritalStatus,married,AND,
97,SubRule,29,RULE_LEADS_TO_OUTCOME,Outcome,no,AND,
98,SubRule,30,RULE_LEADS_TO_OUTCOME,Outcome,no,AND,
99,SubRule,31,RULE_HAS_SUBRULE,SubRule,32,AND,AND
100,SubRule,31,RULE_HAS_SUBRULE,SubRule,33,AND,AND
101,SubRule,not_unknown,RULE_FOR_EDUCATION,Education,unknown,AND,
102,SubRule,32,RULE_HAS_SUBRULE,SubRule,not_unknown,AND,NOT
103,SubRule,33,RULE_FOR_EDUCATION,Education,unknown,AND,
104,SubRule,32,RULE_LEADS_TO_OUTCOME,Outcome,no,AND,
105,SubRule,33,RULE_LEADS_TO_OUTCOME,Outcome,no,AND,
106,SubRule,34,RULE_HAS_SUBRULE,SubRule,35,AND,AND
107,SubRule,34,RULE_HAS_SUBRULE,SubRule,50,AND,AND
108,SubRule,not_single,RULE_FOR_MARITAL_STATUS,MaritalStatus,single,AND,
109,SubRule,35,RULE_HAS_SUBRULE,SubRule,not_single,AND,NOT
110,SubRule,50,RULE_FOR_MARITAL_STATUS,MaritalStatus,single,AND,
111,SubRule,35,RULE_HAS_SUBRULE,SubRule,36,AND,AND
112,SubRule,35,RULE_HAS_SUBRULE,SubRule,43,AND,AND
113,SubRule,not_retired,RULE_FOR_EMPLOYMENT,Employment,retired,AND,
114,SubRule,36,RULE_HAS_SUBRULE,SubRule,not_retired,AND,NOT
115,SubRule,43,RULE_FOR_EMPLOYMENT,Employment,retired,AND,
116,SubRule,36,RULE_HAS_SUBRULE,SubRule,37,AND,AND
117,SubRule,36,RULE_HAS_SUBRULE,SubRule,40,AND,AND
118,SubRule,not_management,RULE_FOR_EMPLOYMENT,Employment,management,AND,
119,SubRule,37,RULE_HAS_SUBRULE,SubRule,not_management,AND,NOT
120,SubRule,40,RULE_FOR_EMPLOYMENT,Employment,management,AND,
121,SubRule,37,RULE_HAS_SUBRULE,SubRule,38,AND,AND
122,SubRule,37,RULE_HAS_SUBRULE,SubRule,39,AND,AND
123,SubRule,not_no,RULE_FOR_LOAN,Loan,no,AND,
124,SubRule,38,RULE_HAS_SUBRULE,SubRule,not_no,AND,NOT
125,SubRule,39,RULE_FOR_LOAN,Loan,no,AND,
126,SubRule,38,RULE_LEADS_TO_OUTCOME,Outcome,no,AND,
127,SubRule,39,RULE_LEADS_TO_OUTCOME,Outcome,no,AND,
128,SubRule,40,RULE_HAS_SUBRULE,SubRule,41,AND,AND
129,SubRule,40,RULE_HAS_SUBRULE,SubRule,42,AND,AND
130,SubRule,not_other,RULE_FOR_PREVIOUS_OUTCOME,PreviousOutcome,other,AND,
131,SubRule,41,RULE_HAS_SUBRULE,SubRule,not_other,AND,NOT
132,SubRule,42,RULE_FOR_PREVIOUS_OUTCOME,PreviousOutcome,other,AND,
133,SubRule,41,RULE_LEADS_TO_OUTCOME,Outcome,no,AND,
134,SubRule,42,RULE_LEADS_TO_OUTCOME,Outcome,no,AND,
135,SubRule,43,RULE_HAS_SUBRULE,SubRule,44,AND,AND
136,SubRule,43,RULE_HAS_SUBRULE,SubRule,47,AND,AND
137,SubRule,not_primary,RULE_FOR_EDUCATION,Education,primary,AND,
138,SubRule,44,RULE_HAS_SUBRULE,SubRule,not_primary,AND,NOT
139,SubRule,47,RULE_FOR_EDUCATION,Education,primary,AND,
140,SubRule,44,RULE_HAS_SUBRULE,SubRule,45,AND,AND
141,SubRule,44,RULE_HAS_SUBRULE,SubRule,46,AND,AND
142,SubRule,not_unknown,RULE_FOR_EDUCATION,Education,unknown,AND,
143,SubRule,45,RULE_HAS_SUBRULE,SubRule,not_unknown,AND,NOT
144,SubRule,46,RULE_FOR_EDUCATION,Education,unknown,AND,
145,SubRule,45,RULE_LEADS_TO_OUTCOME,Outcome,no,AND,
146,SubRule,46,RULE_LEADS_TO_OUTCOME,Outcome,no,AND,
147,SubRule,47,RULE_HAS_SUBRULE,SubRule,48,AND,AND
148,SubRule,47,RULE_HAS_SUBRULE,SubRule,49,AND,AND
149,SubRule,not_divorced,RULE_FOR_MARITAL_STATUS,MaritalStatus,divorced,AND,
150,SubRule,48,RULE_HAS_SUBRULE,SubRule,not_divorced,AND,NOT
151,SubRule,49,RULE_FOR_MARITAL_STATUS,MaritalStatus,divorced,AND,
152,SubRule,48,RULE_LEADS_TO_OUTCOME,Outcome,no,AND,
153,SubRule,49,RULE_LEADS_TO_OUTCOME,Outcome,no,AND,
154,SubRule,50,RULE_HAS_SUBRULE,SubRule,51,AND,AND
155,SubRule,50,RULE_HAS_SUBRULE,SubRule,58,AND,AND
156,SubRule,not_tertiary,RULE_FOR_EDUCATION,Education,tertiary,AND,
157,SubRule,51,RULE_HAS_SUBRULE,SubRule,not_tertiary,AND,NOT
158,SubRule,58,RULE_FOR_EDUCATION,Education,tertiary,AND,
159,SubRule,51,RULE_HAS_SUBRULE,SubRule,52,AND,AND
160,SubRule,51,RULE_HAS_SUBRULE,SubRule,55,AND,AND
161,SubRule,not_telephone,RULE_FOR_CONTACT,Contact,telephone,AND,
162,SubRule,52,RULE_HAS_SUBRULE,SubRule,not_telephone,AND,NOT
163,SubRule,55,RULE_FOR_CONTACT,Contact,telephone,AND,
164,SubRule,52,RULE_HAS_SUBRULE,SubRule,53,AND,AND
165,SubRule,52,RULE_HAS_SUBRULE,SubRule,54,AND,AND
166,SubRule,not_unknown,RULE_FOR_PREVIOUS_OUTCOME,PreviousOutcome,unknown,AND,
167,SubRule,53,RULE_HAS_SUBRULE,SubRule,not_unknown,AND,NOT
168,SubRule,54,RULE_FOR_PREVIOUS_OUTCOME,PreviousOutcome,unknown,AND,
169,SubRule,53,RULE_LEADS_TO_OUTCOME,Outcome,no,AND,
170,SubRule,54,RULE_LEADS_TO_OUTCOME,Outcome,no,AND,
171,SubRule,55,RULE_HAS_SUBRULE,SubRule,56,AND,AND
172,SubRule,55,RULE_HAS_SUBRULE,SubRule,57,AND,AND
173,SubRule,not_unemployed,RULE_FOR_EMPLOYMENT,Employment,unemployed,AND,
174,SubRule,56,RULE_HAS_SUBRULE,SubRule,not_unemployed,AND,NOT
175,SubRule,57,RULE_FOR_EMPLOYMENT,Employment,unemployed,AND,
176,SubRule,56,RULE_LEADS_TO_OUTCOME,Outcome,no,AND,
177,SubRule,57,RULE_LEADS_TO_OUTCOME,Outcome,no,AND,
178,SubRule,58,RULE_HAS_SUBRULE,SubRule,59,AND,AND
179,SubRule,58,RULE_HAS_SUBRULE,SubRule,62,AND,AND
180,SubRule,not_admin.,RULE_FOR_EMPLOYMENT,Employment,admin.,AND,
181,SubRule,59,RULE_HAS_SUBRULE,SubRule,not_admin.,AND,NOT
182,SubRule,62,RULE_FOR_EMPLOYMENT,Employment,admin.,AND,
183,SubRule,59,RULE_HAS_SUBRULE,SubRule,60,AND,AND
184,SubRule,59,RULE_HAS_SUBRULE,SubRule,61,AND,AND
185,SubRule,not_self-employed,RULE_FOR_EMPLOYMENT,Employment,self-employed,AND,
186,SubRule,60,RULE_HAS_SUBRULE,SubRule,not_self-employed,AND,NOT
187,SubRule,61,RULE_FOR_EMPLOYMENT,Employment,self-employed,AND,
188,SubRule,60,RULE_LEADS_TO_OUTCOME,Outcome,no,AND,
189,SubRule,61,RULE_LEADS_TO_OUTCOME,Outcome,no,AND,
190,SubRule,62,RULE_HAS_SUBRULE,SubRule,63,AND,AND
191,SubRule,62,RULE_HAS_SUBRULE,SubRule,64,AND,AND
192,SubRule,not_no,RULE_FOR_LOAN,Loan,no,AND,
193,SubRule,63,RULE_HAS_SUBRULE,SubRule,not_no,AND,NOT
194,SubRule,64,RULE_FOR_LOAN,Loan,no,AND,
195,SubRule,63,RULE_LEADS_TO_OUTCOME,Outcome,no,AND,
196,SubRule,64,RULE_LEADS_TO_OUTCOME,Outcome,no,AND,
197,SubRule,65,RULE_HAS_SUBRULE,SubRule,66,AND,AND
198,SubRule,65,RULE_HAS_SUBRULE,SubRule,89,AND,AND
199,SubRule,not_married,RULE_FOR_MARITAL_STATUS,MaritalStatus,married,AND,
200,SubRule,66,RULE_HAS_SUBRULE,SubRule,not_married,AND,NOT
201,SubRule,89,RULE_FOR_MARITAL_STATUS,MaritalStatus,married,AND,
202,SubRule,66,RULE_HAS_SUBRULE,SubRule,67,AND,AND
203,SubRule,66,RULE_HAS_SUBRULE,SubRule,82,AND,AND
204,SubRule,not_other,RULE_FOR_PREVIOUS_OUTCOME,PreviousOutcome,other,AND,
205,SubRule,67,RULE_HAS_SUBRULE,SubRule,not_other,AND,NOT
206,SubRule,82,RULE_FOR_PREVIOUS_OUTCOME,PreviousOutcome,other,AND,
207,SubRule,67,RULE_HAS_SUBRULE,SubRule,68,AND,AND
208,SubRule,67,RULE_HAS_SUBRULE,SubRule,75,AND,AND
209,SubRule,not_yes,RULE_FOR_LOAN,Loan,yes,AND,
210,SubRule,68,RULE_HAS_SUBRULE,SubRule,not_yes,AND,NOT
211,SubRule,75,RULE_FOR_LOAN,Loan,yes,AND,
212,SubRule,68,RULE_HAS_SUBRULE,SubRule,69,AND,AND
213,SubRule,68,RULE_HAS_SUBRULE,SubRule,72,AND,AND
214,SubRule,not_self-employed,RULE_FOR_EMPLOYMENT,Employment,self-employed,AND,
215,SubRule,69,RULE_HAS_SUBRULE,SubRule,not_self-employed,AND,NOT
216,SubRule,72,RULE_FOR_EMPLOYMENT,Employment,self-employed,AND,
217,SubRule,69,RULE_HAS_SUBRULE,SubRule,70,AND,AND
218,SubRule,69,RULE_HAS_SUBRULE,SubRule,71,AND,AND
219,SubRule,not_yes,RULE_FOR_DEFAULT_STATUS,DefaultStatus,yes,AND,
220,SubRule,70,RULE_HAS_SUBRULE,SubRule,not_yes,AND,NOT
221,SubRule,71,RULE_FOR_DEFAULT_STATUS,DefaultStatus,yes,AND,
222,SubRule,70,RULE_LEADS_TO_OUTCOME,Outcome,no,AND,
223,SubRule,71,RULE_LEADS_TO_OUTCOME,Outcome,no,AND,
224,SubRule,72,RULE_HAS_SUBRULE,SubRule,73,AND,AND
225,SubRule,72,RULE_HAS_SUBRULE,SubRule,74,AND,AND
226,SubRule,not_secondary,RULE_FOR_EDUCATION,Education,secondary,AND,
227,SubRule,73,RULE_HAS_SUBRULE,SubRule,not_secondary,AND,NOT
228,SubRule,74,RULE_FOR_EDUCATION,Education,secondary,AND,
229,SubRule,73,RULE_LEADS_TO_OUTCOME,Outcome,no,AND,
230,SubRule,74,RULE_LEADS_TO_OUTCOME,Outcome,no,AND,
231,SubRule,75,RULE_HAS_SUBRULE,SubRule,76,AND,AND
232,SubRule,75,RULE_HAS_SUBRULE,SubRule,79,AND,AND
233,SubRule,not_admin.,RULE_FOR_EMPLOYMENT,Employment,admin.,AND,
234,SubRule,76,RULE_HAS_SUBRULE,SubRule,not_admin.,AND,NOT
235,SubRule,79,RULE_FOR_EMPLOYMENT,Employment,admin.,AND,
236,SubRule,76,RULE_HAS_SUBRULE,SubRule,77,AND,AND
237,SubRule,76,RULE_HAS_SUBRULE,SubRule,78,AND,AND
238,SubRule,not_retired,RULE_FOR_EMPLOYMENT,Employment,retired,AND,
239,SubRule,77,RULE_HAS_SUBRULE,SubRule,not_retired,AND,NOT
240,SubRule,78,RULE_FOR_EMPLOYMENT,Employment,retired,AND,
241,SubRule,77,RULE_LEADS_TO_OUTCOME,Outcome,no,AND,
242,SubRule,78,RULE_LEADS_TO_OUTCOME,Outcome,no,AND,
243,SubRule,79,RULE_HAS_SUBRULE,SubRule,80,AND,AND
244,SubRule,79,RULE_HAS_SUBRULE,SubRule,81,AND,AND
245,SubRule,not_no,RULE_FOR_HOUSING,Housing,no,AND,
246,SubRule,80,RULE_HAS_SUBRULE,SubRule,not_no,AND,NOT
247,SubRule,81,RULE_FOR_HOUSING,Housing,no,AND,
248,SubRule,80,RULE_LEADS_TO_OUTCOME,Outcome,no,AND,
249,SubRule,81,RULE_LEADS_TO_OUTCOME,Outcome,no,AND,
250,SubRule,82,RULE_HAS_SUBRULE,SubRule,83,AND,AND
251,SubRule,82,RULE_HAS_SUBRULE,SubRule,88,AND,AND
252,SubRule,not_unemployed,RULE_FOR_EMPLOYMENT,Employment,unemployed,AND,
253,SubRule,83,RULE_HAS_SUBRULE,SubRule,not_unemployed,AND,NOT
254,SubRule,88,RULE_FOR_EMPLOYMENT,Employment,unemployed,AND,
255,SubRule,83,RULE_HAS_SUBRULE,SubRule,84,AND,AND
256,SubRule,83,RULE_HAS_SUBRULE,SubRule,87,AND,AND
257,SubRule,not_admin.,RULE_FOR_EMPLOYMENT,Employment,admin.,AND,
258,SubRule,84,RULE_HAS_SUBRULE,SubRule,not_admin.,AND,NOT
259,SubRule,87,RULE_FOR_EMPLOYMENT,Employment,admin.,AND,
260,SubRule,84,RULE_HAS_SUBRULE,SubRule,85,AND,AND
261,SubRule,84,RULE_HAS_SUBRULE,SubRule,86,AND,AND
262,SubRule,not_blue-collar,RULE_FOR_EMPLOYMENT,Employment,blue-collar,AND,
263,SubRule,85,RULE_HAS_SUBRULE,SubRule,not_blue-collar,AND,NOT
264,SubRule,86,RULE_FOR_EMPLOYMENT,Employment,blue-collar,AND,
265,SubRule,85,RULE_LEADS_TO_OUTCOME,Outcome,no,AND,
266,SubRule,86,RULE_LEADS_TO_OUTCOME,Outcome,no,AND,
267,SubRule,87,RULE_LEADS_TO_OUTCOME,Outcome,yes,AND,
268,SubRule,88,RULE_LEADS_TO_OUTCOME,Outcome,yes,AND,
269,SubRule,89,RULE_HAS_SUBRULE,SubRule,90,AND,AND
270,SubRule,89,RULE_HAS_SUBRULE,SubRule,99,AND,AND
271,SubRule,not_unknown,RULE_FOR_PREVIOUS_OUTCOME,PreviousOutcome,unknown,AND,
272,SubRule,90,RULE_HAS_SUBRULE,SubRule,not_unknown,AND,NOT
273,SubRule,99,RULE_FOR_PREVIOUS_OUTCOME,PreviousOutcome,unknown,AND,
274,SubRule,90,RULE_HAS_SUBRULE,SubRule,91,AND,AND
275,SubRule,90,RULE_HAS_SUBRULE,SubRule,98,AND,AND
276,SubRule,not_services,RULE_FOR_EMPLOYMENT,Employment,services,AND,
277,SubRule,91,RULE_HAS_SUBRULE,SubRule,not_services,AND,NOT
278,SubRule,98,RULE_FOR_EMPLOYMENT,Employment,services,AND,
279,SubRule,91,RULE_HAS_SUBRULE,SubRule,92,AND,AND
280,SubRule,91,RULE_HAS_SUBRULE,SubRule,95,AND,AND
281,SubRule,not_admin.,RULE_FOR_EMPLOYMENT,Employment,admin.,AND,
282,SubRule,92,RULE_HAS_SUBRULE,SubRule,not_admin.,AND,NOT
283,SubRule,95,RULE_FOR_EMPLOYMENT,Employment,admin.,AND,
284,SubRule,92,RULE_HAS_SUBRULE,SubRule,93,AND,AND
285,SubRule,92,RULE_HAS_SUBRULE,SubRule,94,AND,AND
286,SubRule,not_management,RULE_FOR_EMPLOYMENT,Employment,management,AND,
287,SubRule,93,RULE_HAS_SUBRULE,SubRule,not_management,AND,NOT
288,SubRule,94,RULE_FOR_EMPLOYMENT,Employment,management,AND,
289,SubRule,93,RULE_LEADS_TO_OUTCOME,Outcome,no,AND,
290,SubRule,94,RULE_LEADS_TO_OUTCOME,Outcome,no,AND,
291,SubRule,95,RULE_HAS_SUBRULE,SubRule,96,AND,AND
292,SubRule,95,RULE_HAS_SUBRULE,SubRule,97,AND,AND
293,SubRule,not_tertiary,RULE_FOR_EDUCATION,Education,tertiary,AND,
294,SubRule,96,RULE_HAS_SUBRULE,SubRule,not_tertiary,AND,NOT
295,SubRule,97,RULE_FOR_EDUCATION,Education,tertiary,AND,
296,SubRule,96,RULE_LEADS_TO_OUTCOME,Outcome,no,AND,
297,SubRule,97,RULE_LEADS_TO_OUTCOME,Outcome,yes,AND,
298,SubRule,98,RULE_LEADS_TO_OUTCOME,Outcome,yes,AND,
299,SubRule,99,RULE_HAS_SUBRULE,SubRule,100,AND,AND
300,SubRule,99,RULE_HAS_SUBRULE,SubRule,107,AND,AND
301,SubRule,not_no,RULE_FOR_HOUSING,Housing,no,AND,
302,SubRule,100,RULE_HAS_SUBRULE,SubRule,not_no,AND,NOT
303,SubRule,107,RULE_FOR_HOUSING,Housing,no,AND,
304,SubRule,100,RULE_HAS_SUBRULE,SubRule,101,AND,AND
305,SubRule,100,RULE_HAS_SUBRULE,SubRule,104,AND,AND
306,SubRule,not_unknown,RULE_FOR_EMPLOYMENT,Employment,unknown,AND,
307,SubRule,101,RULE_HAS_SUBRULE,SubRule,not_unknown,AND,NOT
308,SubRule,104,RULE_FOR_EMPLOYMENT,Employment,unknown,AND,
309,SubRule,101,RULE_HAS_SUBRULE,SubRule,102,AND,AND
310,SubRule,101,RULE_HAS_SUBRULE,SubRule,103,AND,AND
311,SubRule,not_secondary,RULE_FOR_EDUCATION,Education,secondary,AND,
312,SubRule,102,RULE_HAS_SUBRULE,SubRule,not_secondary,AND,NOT
313,SubRule,103,RULE_FOR_EDUCATION,Education,secondary,AND,
314,SubRule,102,RULE_LEADS_TO_OUTCOME,Outcome,no,AND,
315,SubRule,103,RULE_LEADS_TO_OUTCOME,Outcome,no,AND,
316,SubRule,104,RULE_HAS_SUBRULE,SubRule,105,AND,AND
317,SubRule,104,RULE_HAS_SUBRULE,SubRule,106,AND,AND
318,SubRule,not_no,RULE_FOR_LOAN,Loan,no,AND,
319,SubRule,105,RULE_HAS_SUBRULE,SubRule,not_no,AND,NOT
320,SubRule,106,RULE_FOR_LOAN,Loan,no,AND,
321,SubRule,105,RULE_LEADS_TO_OUTCOME,Outcome,yes,AND,
322,SubRule,106,RULE_LEADS_TO_OUTCOME,Outcome,no,AND,
323,SubRule,107,RULE_HAS_SUBRULE,SubRule,108,AND,AND
324,SubRule,107,RULE_HAS_SUBRULE,SubRule,111,AND,AND
325,SubRule,not_tertiary,RULE_FOR_EDUCATION,Education,tertiary,AND,
326,SubRule,108,RULE_HAS_SUBRULE,SubRule,not_tertiary,AND,NOT
327,SubRule,111,RULE_FOR_EDUCATION,Education,tertiary,AND,
328,SubRule,108,RULE_HAS_SUBRULE,SubRule,109,AND,AND
329,SubRule,108,RULE_HAS_SUBRULE,SubRule,110,AND,AND
330,SubRule,not_retired,RULE_FOR_EMPLOYMENT,Employment,retired,AND,
331,SubRule,109,RULE_HAS_SUBRULE,SubRule,not_retired,AND,NOT
332,SubRule,110,RULE_FOR_EMPLOYMENT,Employment,retired,AND,
333,SubRule,109,RULE_LEADS_TO_OUTCOME,Outcome,no,AND,
334,SubRule,110,RULE_LEADS_TO_OUTCOME,Outcome,no,AND,
335,SubRule,111,RULE_HAS_SUBRULE,SubRule,112,AND,AND
336,SubRule,111,RULE_HAS_SUBRULE,SubRule,113,AND,AND
337,SubRule,not_entrepreneur,RULE_FOR_EMPLOYMENT,Employment,entrepreneur,AND,
338,SubRule,112,RULE_HAS_SUBRULE,SubRule,not_entrepreneur,AND,NOT
339,SubRule,113,RULE_FOR_EMPLOYMENT,Employment,entrepreneur,AND,
340,SubRule,112,RULE_LEADS_TO_OUTCOME,Outcome,no,AND,
341,SubRule,113,RULE_LEADS_TO_OUTCOME,Outcome,no,AND,
342,SubRule,114,RULE_HAS_SUBRULE,SubRule,115,AND,AND
343,SubRule,114,RULE_HAS_SUBRULE,SubRule,148,AND,AND
344,SubRule,not_no,RULE_FOR_HOUSING,Housing,no,AND,
345,SubRule,115,RULE_HAS_SUBRULE,SubRule,not_no,AND,NOT
346,SubRule,148,RULE_FOR_HOUSING,Housing,no,AND,
347,SubRule,115,RULE_HAS_SUBRULE,SubRule,116,AND,AND
348,SubRule,115,RULE_HAS_SUBRULE,SubRule,141,AND,AND
349,SubRule,not_retired,RULE_FOR_EMPLOYMENT,Employment,retired,AND,
350,SubRule,116,RULE_HAS_SUBRULE,SubRule,not_retired,AND,NOT
351,SubRule,141,RULE_FOR_EMPLOYMENT,Employment,retired,AND,
352,SubRule,116,RULE_HAS_SUBRULE,SubRule,117,AND,AND
353,SubRule,116,RULE_HAS_SUBRULE,SubRule,130,AND,AND
354,SubRule,not_management,RULE_FOR_EMPLOYMENT,Employment,management,AND,
355,SubRule,117,RULE_HAS_SUBRULE,SubRule,not_management,AND,NOT
356,SubRule,130,RULE_FOR_EMPLOYMENT,Employment,management,AND,
357,SubRule,117,RULE_HAS_SUBRULE,SubRule,118,AND,AND
358,SubRule,117,RULE_HAS_SUBRULE,SubRule,125,AND,AND
359,SubRule,not_secondary,RULE_FOR_EDUCATION,Education,secondary,AND,
360,SubRule,118,RULE_HAS_SUBRULE,SubRule,not_secondary,AND,NOT
361,SubRule,125,RULE_FOR_EDUCATION,Education,secondary,AND,
362,SubRule,118,RULE_HAS_SUBRULE,SubRule,119,AND,AND
363,SubRule,118,RULE_HAS_SUBRULE,SubRule,122,AND,AND
364,SubRule,not_blue-collar,RULE_FOR_EMPLOYMENT,Employment,blue-collar,AND,
365,SubRule,119,RULE_HAS_SUBRULE,SubRule,not_blue-collar,AND,NOT
366,SubRule,122,RULE_FOR_EMPLOYMENT,Employment,blue-collar,AND,
367,SubRule,119,RULE_HAS_SUBRULE,SubRule,120,AND,AND
368,SubRule,119,RULE_HAS_SUBRULE,SubRule,121,AND,AND
369,SubRule,not_primary,RULE_FOR_EDUCATION,Education,primary,AND,
370,SubRule,120,RULE_HAS_SUBRULE,SubRule,not_primary,AND,NOT
371,SubRule,121,RULE_FOR_EDUCATION,Education,primary,AND,
372,SubRule,120,RULE_LEADS_TO_OUTCOME,Outcome,no,AND,
373,SubRule,121,RULE_LEADS_TO_OUTCOME,Outcome,yes,AND,
374,SubRule,122,RULE_HAS_SUBRULE,SubRule,123,AND,AND
375,SubRule,122,RULE_HAS_SUBRULE,SubRule,124,AND,AND
376,SubRule,not_unknown,RULE_FOR_EDUCATION,Education,unknown,AND,
377,SubRule,123,RULE_HAS_SUBRULE,SubRule,not_unknown,AND,NOT
378,SubRule,124,RULE_FOR_EDUCATION,Education,unknown,AND,
379,SubRule,123,RULE_LEADS_TO_OUTCOME,Outcome,no,AND,
380,SubRule,124,RULE_LEADS_TO_OUTCOME,Outcome,yes,AND,
381,SubRule,125,RULE_HAS_SUBRULE,SubRule,126,AND,AND
382,SubRule,125,RULE_HAS_SUBRULE,SubRule,129,AND,AND
383,SubRule,not_entrepreneur,RULE_FOR_EMPLOYMENT,Employment,entrepreneur,AND,
384,SubRule,126,RULE_HAS_SUBRULE,SubRule,not_entrepreneur,AND,NOT
385,SubRule,129,RULE_FOR_EMPLOYMENT,Employment,entrepreneur,AND,
386,SubRule,126,RULE_HAS_SUBRULE,SubRule,127,AND,AND
387,SubRule,126,RULE_HAS_SUBRULE,SubRule,128,AND,AND
388,SubRule,not_unknown,RULE_FOR_CONTACT,Contact,unknown,AND,
389,SubRule,127,RULE_HAS_SUBRULE,SubRule,not_unknown,AND,NOT
390,SubRule,128,RULE_FOR_CONTACT,Contact,unknown,AND,
391,SubRule,127,RULE_LEADS_TO_OUTCOME,Outcome,yes,AND,
392,SubRule,128,RULE_LEADS_TO_OUTCOME,Outcome,no,AND,
393,SubRule,129,RULE_LEADS_TO_OUTCOME,Outcome,no,AND,
394,SubRule,130,RULE_HAS_SUBRULE,SubRule,131,AND,AND
395,SubRule,130,RULE_HAS_SUBRULE,SubRule,136,AND,AND
396,SubRule,not_divorced,RULE_FOR_MARITAL_STATUS,MaritalStatus,divorced,AND,
397,SubRule,131,RULE_HAS_SUBRULE,SubRule,not_divorced,AND,NOT
398,SubRule,136,RULE_FOR_MARITAL_STATUS,MaritalStatus,divorced,AND,
399,SubRule,131,RULE_HAS_SUBRULE,SubRule,132,AND,AND
400,SubRule,131,RULE_HAS_SUBRULE,SubRule,135,AND,AND
401,SubRule,not_unknown,RULE_FOR_EDUCATION,Education,unknown,AND,
402,SubRule,132,RULE_HAS_SUBRULE,SubRule,not_unknown,AND,NOT
403,SubRule,135,RULE_FOR_EDUCATION,Education,unknown,AND,
404,SubRule,132,RULE_HAS_SUBRULE,SubRule,133,AND,AND
405,SubRule,132,RULE_HAS_SUBRULE,SubRule,134,AND,AND
406,SubRule,not_married,RULE_FOR_MARITAL_STATUS,MaritalStatus,married,AND,
407,SubRule,133,RULE_HAS_SUBRULE,SubRule,not_married,AND,NOT
408,SubRule,134,RULE_FOR_MARITAL_STATUS,MaritalStatus,married,AND,
409,SubRule,133,RULE_LEADS_TO_OUTCOME,Outcome,yes,AND,
410,SubRule,134,RULE_LEADS_TO_OUTCOME,Outcome,yes,AND,
411,SubRule,135,RULE_LEADS_TO_OUTCOME,Outcome,yes,AND,
412,SubRule,136,RULE_HAS_SUBRULE,SubRule,137,AND,AND
413,SubRule,136,RULE_HAS_SUBRULE,SubRule,138,AND,AND
414,SubRule,not_cellular,RULE_FOR_CONTACT,Contact,cellular,AND,
415,SubRule,137,RULE_HAS_SUBRULE,SubRule,not_cellular,AND,NOT
416,SubRule,138,RULE_FOR_CONTACT,Contact,cellular,AND,
417,SubRule,137,RULE_LEADS_TO_OUTCOME,Outcome,no,AND,
418,SubRule,138,RULE_HAS_SUBRULE,SubRule,139,AND,AND
419,SubRule,138,RULE_HAS_SUBRULE,SubRule,140,AND,AND
420,SubRule,not_tertiary,RULE_FOR_EDUCATION,Education,tertiary,AND,
421,SubRule,139,RULE_HAS_SUBRULE,SubRule,not_tertiary,AND,NOT
422,SubRule,140,RULE_FOR_EDUCATION,Education,tertiary,AND,
423,SubRule,139,RULE_LEADS_TO_OUTCOME,Outcome,no,AND,
424,SubRule,140,RULE_LEADS_TO_OUTCOME,Outcome,no,AND,
425,SubRule,141,RULE_HAS_SUBRULE,SubRule,142,AND,AND
426,SubRule,141,RULE_HAS_SUBRULE,SubRule,143,AND,AND
427,SubRule,not_secondary,RULE_FOR_EDUCATION,Education,secondary,AND,
428,SubRule,142,RULE_HAS_SUBRULE,SubRule,not_secondary,AND,NOT
429,SubRule,143,RULE_FOR_EDUCATION,Education,secondary,AND,
430,SubRule,142,RULE_LEADS_TO_OUTCOME,Outcome,yes,AND,
431,SubRule,143,RULE_HAS_SUBRULE,SubRule,144,AND,AND
432,SubRule,143,RULE_HAS_SUBRULE,SubRule,145,AND,AND
433,SubRule,not_no,RULE_FOR_LOAN,Loan,no,AND,
434,SubRule,144,RULE_HAS_SUBRULE,SubRule,not_no,AND,NOT
435,SubRule,145,RULE_FOR_LOAN,Loan,no,AND,
436,SubRule,144,RULE_LEADS_TO_OUTCOME,Outcome,yes,AND,
437,SubRule,145,RULE_HAS_SUBRULE,SubRule,146,AND,AND
438,SubRule,145,RULE_HAS_SUBRULE,SubRule,147,AND,AND
439,SubRule,not_married,RULE_FOR_MARITAL_STATUS,MaritalStatus,married,AND,
440,SubRule,146,RULE_HAS_SUBRULE,SubRule,not_married,AND,NOT
441,SubRule,147,RULE_FOR_MARITAL_STATUS,MaritalStatus,married,AND,
442,SubRule,146,RULE_LEADS_TO_OUTCOME,Outcome,no,AND,
443,SubRule,147,RULE_LEADS_TO_OUTCOME,Outcome,no,AND,
444,SubRule,148,RULE_HAS_SUBRULE,SubRule,149,AND,AND
445,SubRule,148,RULE_HAS_SUBRULE,SubRule,172,AND,AND
446,SubRule,not_unknown,RULE_FOR_CONTACT,Contact,unknown,AND,
447,SubRule,149,RULE_HAS_SUBRULE,SubRule,not_unknown,AND,NOT
448,SubRule,172,RULE_FOR_CONTACT,Contact,unknown,AND,
449,SubRule,149,RULE_HAS_SUBRULE,SubRule,150,AND,AND
450,SubRule,149,RULE_HAS_SUBRULE,SubRule,163,AND,AND
451,SubRule,not_unemployed,RULE_FOR_EMPLOYMENT,Employment,unemployed,AND,
452,SubRule,150,RULE_HAS_SUBRULE,SubRule,not_unemployed,AND,NOT
453,SubRule,163,RULE_FOR_EMPLOYMENT,Employment,unemployed,AND,
454,SubRule,150,RULE_HAS_SUBRULE,SubRule,151,AND,AND
455,SubRule,150,RULE_HAS_SUBRULE,SubRule,158,AND,AND
456,SubRule,not_entrepreneur,RULE_FOR_EMPLOYMENT,Employment,entrepreneur,AND,
457,SubRule,151,RULE_HAS_SUBRULE,SubRule,not_entrepreneur,AND,NOT
458,SubRule,158,RULE_FOR_EMPLOYMENT,Employment,entrepreneur,AND,
459,SubRule,151,RULE_HAS_SUBRULE,SubRule,152,AND,AND
460,SubRule,151,RULE_HAS_SUBRULE,SubRule,155,AND,AND
461,SubRule,not_admin.,RULE_FOR_EMPLOYMENT,Employment,admin.,AND,
462,SubRule,152,RULE_HAS_SUBRULE,SubRule,not_admin.,AND,NOT
463,SubRule,155,RULE_FOR_EMPLOYMENT,Employment,admin.,AND,
464,SubRule,152,RULE_HAS_SUBRULE,SubRule,153,AND,AND
465,SubRule,152,RULE_HAS_SUBRULE,SubRule,154,AND,AND
466,SubRule,not_technician,RULE_FOR_EMPLOYMENT,Employment,technician,AND,
467,SubRule,153,RULE_HAS_SUBRULE,SubRule,not_technician,AND,NOT
468,SubRule,154,RULE_FOR_EMPLOYMENT,Employment,technician,AND,
469,SubRule,153,RULE_LEADS_TO_OUTCOME,Outcome,yes,AND,
470,SubRule,154,RULE_LEADS_TO_OUTCOME,Outcome,yes,AND,
471,SubRule,155,RULE_HAS_SUBRULE,SubRule,156,AND,AND
472,SubRule,155,RULE_HAS_SUBRULE,SubRule,157,AND,AND
473,SubRule,not_married,RULE_FOR_MARITAL_STATUS,MaritalStatus,married,AND,
474,SubRule,156,RULE_HAS_SUBRULE,SubRule,not_married,AND,NOT
475,SubRule,157,RULE_FOR_MARITAL_STATUS,MaritalStatus,married,AND,
476,SubRule,156,RULE_LEADS_TO_OUTCOME,Outcome,yes,AND,
477,SubRule,157,RULE_LEADS_TO_OUTCOME,Outcome,yes,AND,
478,SubRule,158,RULE_HAS_SUBRULE,SubRule,159,AND,AND
479,SubRule,158,RULE_HAS_SUBRULE,SubRule,162,AND,AND
480,SubRule,not_telephone,RULE_FOR_CONTACT,Contact,telephone,AND,
481,SubRule,159,RULE_HAS_SUBRULE,SubRule,not_telephone,AND,NOT
482,SubRule,162,RULE_FOR_CONTACT,Contact,telephone,AND,
483,SubRule,159,RULE_HAS_SUBRULE,SubRule,160,AND,AND
484,SubRule,159,RULE_HAS_SUBRULE,SubRule,161,AND,AND
485,SubRule,not_unknown,RULE_FOR_EDUCATION,Education,unknown,AND,
486,SubRule,160,RULE_HAS_SUBRULE,SubRule,not_unknown,AND,NOT
487,SubRule,161,RULE_FOR_EDUCATION,Education,unknown,AND,
488,SubRule,160,RULE_LEADS_TO_OUTCOME,Outcome,no,AND,
489,SubRule,161,RULE_LEADS_TO_OUTCOME,Outcome,no,AND,
490,SubRule,162,RULE_LEADS_TO_OUTCOME,Outcome,yes,AND,
491,SubRule,163,RULE_HAS_SUBRULE,SubRule,164,AND,AND
492,SubRule,163,RULE_HAS_SUBRULE,SubRule,169,AND,AND
493,SubRule,not_married,RULE_FOR_MARITAL_STATUS,MaritalStatus,married,AND,
494,SubRule,164,RULE_HAS_SUBRULE,SubRule,not_married,AND,NOT
495,SubRule,169,RULE_FOR_MARITAL_STATUS,MaritalStatus,married,AND,
496,SubRule,164,RULE_HAS_SUBRULE,SubRule,165,AND,AND
497,SubRule,164,RULE_HAS_SUBRULE,SubRule,168,AND,AND
498,SubRule,not_primary,RULE_FOR_EDUCATION,Education,primary,AND,
499,SubRule,165,RULE_HAS_SUBRULE,SubRule,not_primary,AND,NOT
500,SubRule,168,RULE_FOR_EDUCATION,Education,primary,AND,
501,SubRule,165,RULE_HAS_SUBRULE,SubRule,166,AND,AND
502,SubRule,165,RULE_HAS_SUBRULE,SubRule,167,AND,AND
503,SubRule,not_cellular,RULE_FOR_CONTACT,Contact,cellular,AND,
504,SubRule,166,RULE_HAS_SUBRULE,SubRule,not_cellular,AND,NOT
505,SubRule,167,RULE_FOR_CONTACT,Contact,cellular,AND,
506,SubRule,166,RULE_LEADS_TO_OUTCOME,Outcome,yes,AND,
507,SubRule,167,RULE_LEADS_TO_OUTCOME,Outcome,yes,AND,
508,SubRule,168,RULE_LEADS_TO_OUTCOME,Outcome,yes,AND,
509,SubRule,169,RULE_HAS_SUBRULE,SubRule,170,AND,AND
510,SubRule,169,RULE_HAS_SUBRULE,SubRule,171,AND,AND
511,SubRule,not_secondary,RULE_FOR_EDUCATION,Education,secondary,AND,
512,SubRule,170,RULE_HAS_SUBRULE,SubRule,not_secondary,AND,NOT
513,SubRule,171,RULE_FOR_EDUCATION,Education,secondary,AND,
514,SubRule,170,RULE_LEADS_TO_OUTCOME,Outcome,yes,AND,
515,SubRule,171,RULE_LEADS_TO_OUTCOME,Outcome,yes,AND,
516,SubRule,172,RULE_HAS_SUBRULE,SubRule,173,AND,AND
517,SubRule,172,RULE_HAS_SUBRULE,SubRule,174,AND,AND
518,SubRule,not_blue-collar,RULE_FOR_EMPLOYMENT,Employment,blue-collar,AND,
519,SubRule,173,RULE_HAS_SUBRULE,SubRule,not_blue-collar,AND,NOT
520,SubRule,174,RULE_FOR_EMPLOYMENT,Employment,blue-collar,AND,
521,SubRule,173,RULE_LEADS_TO_OUTCOME,Outcome,no,AND,
522,SubRule,174,RULE_LEADS_TO_OUTCOME,Outcome,yes,AND,
